{
  "win_rate_diff": 0.13480156113314254,
  "form_diff": 0.07500342392358342,
  "points_diff": 0.059579395108742335,
  "performance_diff": 0.10995820057455077,
  "region_strength_diff": 0.036387155058909694,
  "experience_diff": 0.029777547717150913,
  "tournament_weight": 0.0701598422759343,
  "h2h_wins": 0.27802788424852826,
  "h2h_losses": 0.16016147865450667,
  "h2h_total": 0.03780429716963478,
  "same_region_int": 0.008339214135316459
}